{
    "Tokens": {
        "correct": 16089,
        "gold_total": 16089,
        "system_total": 16089,
        "aligned_total": null,
        "precision": 1.0,
        "recall": 1.0,
        "f1": 1.0,
        "aligned_accuracy": null
    },
    "Sentences": {
        "correct": 1115,
        "gold_total": 1115,
        "system_total": 1115,
        "aligned_total": null,
        "precision": 1.0,
        "recall": 1.0,
        "f1": 1.0,
        "aligned_accuracy": null
    },
    "Words": {
        "correct": 16089,
        "gold_total": 16089,
        "system_total": 16089,
        "aligned_total": null,
        "precision": 1.0,
        "recall": 1.0,
        "f1": 1.0,
        "aligned_accuracy": null
    },
    "UPOS": {
        "correct": 0,
        "gold_total": 16089,
        "system_total": 16089,
        "aligned_total": 16089,
        "precision": 0.0,
        "recall": 0.0,
        "f1": 0.0,
        "aligned_accuracy": 0.0
    },
    "XPOS": {
        "correct": 0,
        "gold_total": 16089,
        "system_total": 16089,
        "aligned_total": 16089,
        "precision": 0.0,
        "recall": 0.0,
        "f1": 0.0,
        "aligned_accuracy": 0.0
    },
    "UFeats": {
        "correct": 5837,
        "gold_total": 16089,
        "system_total": 16089,
        "aligned_total": 16089,
        "precision": 0.36279445583939335,
        "recall": 0.36279445583939335,
        "f1": 0.36279445583939335,
        "aligned_accuracy": 0.36279445583939335
    },
    "AllTags": {
        "correct": 0,
        "gold_total": 16089,
        "system_total": 16089,
        "aligned_total": 16089,
        "precision": 0.0,
        "recall": 0.0,
        "f1": 0.0,
        "aligned_accuracy": 0.0
    },
    "Lemmas": {
        "correct": 0,
        "gold_total": 16089,
        "system_total": 16089,
        "aligned_total": 16089,
        "precision": 0.0,
        "recall": 0.0,
        "f1": 0.0,
        "aligned_accuracy": 0.0
    },
    "UAS": {
        "correct": 13681,
        "gold_total": 16089,
        "system_total": 16089,
        "aligned_total": 16089,
        "precision": 0.8503325253278637,
        "recall": 0.8503325253278637,
        "f1": 0.8503325253278637,
        "aligned_accuracy": 0.8503325253278637
    },
    "LAS": {
        "correct": 3062,
        "gold_total": 16089,
        "system_total": 16089,
        "aligned_total": 16089,
        "precision": 0.19031636521847226,
        "recall": 0.19031636521847226,
        "f1": 0.19031636521847226,
        "aligned_accuracy": 0.19031636521847226
    },
    "CLAS": {
        "correct": 933,
        "gold_total": 9639,
        "system_total": 9920,
        "aligned_total": 9639,
        "precision": 0.09405241935483871,
        "recall": 0.0967942732648615,
        "f1": 0.09540365049337901,
        "aligned_accuracy": 0.0967942732648615
    },
    "MLAS": {
        "correct": 0,
        "gold_total": 9639,
        "system_total": 9920,
        "aligned_total": 9639,
        "precision": 0.0,
        "recall": 0.0,
        "f1": 0.0,
        "aligned_accuracy": 0.0
    },
    "BLEX": {
        "correct": 0,
        "gold_total": 9639,
        "system_total": 9920,
        "aligned_total": 9639,
        "precision": 0.0,
        "recall": 0.0,
        "f1": 0.0,
        "aligned_accuracy": 0.0
    }
}