{
    "Tokens": {
        "correct": 16089,
        "gold_total": 16089,
        "system_total": 16089,
        "aligned_total": null,
        "precision": 1.0,
        "recall": 1.0,
        "f1": 1.0,
        "aligned_accuracy": null
    },
    "Sentences": {
        "correct": 1115,
        "gold_total": 1115,
        "system_total": 1115,
        "aligned_total": null,
        "precision": 1.0,
        "recall": 1.0,
        "f1": 1.0,
        "aligned_accuracy": null
    },
    "Words": {
        "correct": 16089,
        "gold_total": 16089,
        "system_total": 16089,
        "aligned_total": null,
        "precision": 1.0,
        "recall": 1.0,
        "f1": 1.0,
        "aligned_accuracy": null
    },
    "UPOS": {
        "correct": 0,
        "gold_total": 16089,
        "system_total": 16089,
        "aligned_total": 16089,
        "precision": 0.0,
        "recall": 0.0,
        "f1": 0.0,
        "aligned_accuracy": 0.0
    },
    "XPOS": {
        "correct": 0,
        "gold_total": 16089,
        "system_total": 16089,
        "aligned_total": 16089,
        "precision": 0.0,
        "recall": 0.0,
        "f1": 0.0,
        "aligned_accuracy": 0.0
    },
    "UFeats": {
        "correct": 5837,
        "gold_total": 16089,
        "system_total": 16089,
        "aligned_total": 16089,
        "precision": 0.36279445583939335,
        "recall": 0.36279445583939335,
        "f1": 0.36279445583939335,
        "aligned_accuracy": 0.36279445583939335
    },
    "AllTags": {
        "correct": 0,
        "gold_total": 16089,
        "system_total": 16089,
        "aligned_total": 16089,
        "precision": 0.0,
        "recall": 0.0,
        "f1": 0.0,
        "aligned_accuracy": 0.0
    },
    "Lemmas": {
        "correct": 0,
        "gold_total": 16089,
        "system_total": 16089,
        "aligned_total": 16089,
        "precision": 0.0,
        "recall": 0.0,
        "f1": 0.0,
        "aligned_accuracy": 0.0
    },
    "UAS": {
        "correct": 13689,
        "gold_total": 16089,
        "system_total": 16089,
        "aligned_total": 16089,
        "precision": 0.8508297594629871,
        "recall": 0.8508297594629871,
        "f1": 0.8508297594629871,
        "aligned_accuracy": 0.8508297594629871
    },
    "LAS": {
        "correct": 3064,
        "gold_total": 16089,
        "system_total": 16089,
        "aligned_total": 16089,
        "precision": 0.1904406737522531,
        "recall": 0.1904406737522531,
        "f1": 0.1904406737522531,
        "aligned_accuracy": 0.1904406737522531
    },
    "CLAS": {
        "correct": 937,
        "gold_total": 9639,
        "system_total": 9896,
        "aligned_total": 9639,
        "precision": 0.09468472109943411,
        "recall": 0.09720925407199917,
        "f1": 0.09593038136677758,
        "aligned_accuracy": 0.09720925407199917
    },
    "MLAS": {
        "correct": 0,
        "gold_total": 9639,
        "system_total": 9896,
        "aligned_total": 9639,
        "precision": 0.0,
        "recall": 0.0,
        "f1": 0.0,
        "aligned_accuracy": 0.0
    },
    "BLEX": {
        "correct": 0,
        "gold_total": 9639,
        "system_total": 9896,
        "aligned_total": 9639,
        "precision": 0.0,
        "recall": 0.0,
        "f1": 0.0,
        "aligned_accuracy": 0.0
    }
}