{
    "Tokens": {
        "correct": 16089,
        "gold_total": 16089,
        "system_total": 16089,
        "aligned_total": null,
        "precision": 1.0,
        "recall": 1.0,
        "f1": 1.0,
        "aligned_accuracy": null
    },
    "Sentences": {
        "correct": 1115,
        "gold_total": 1115,
        "system_total": 1115,
        "aligned_total": null,
        "precision": 1.0,
        "recall": 1.0,
        "f1": 1.0,
        "aligned_accuracy": null
    },
    "Words": {
        "correct": 16089,
        "gold_total": 16089,
        "system_total": 16089,
        "aligned_total": null,
        "precision": 1.0,
        "recall": 1.0,
        "f1": 1.0,
        "aligned_accuracy": null
    },
    "UPOS": {
        "correct": 0,
        "gold_total": 16089,
        "system_total": 16089,
        "aligned_total": 16089,
        "precision": 0.0,
        "recall": 0.0,
        "f1": 0.0,
        "aligned_accuracy": 0.0
    },
    "XPOS": {
        "correct": 0,
        "gold_total": 16089,
        "system_total": 16089,
        "aligned_total": 16089,
        "precision": 0.0,
        "recall": 0.0,
        "f1": 0.0,
        "aligned_accuracy": 0.0
    },
    "UFeats": {
        "correct": 5837,
        "gold_total": 16089,
        "system_total": 16089,
        "aligned_total": 16089,
        "precision": 0.36279445583939335,
        "recall": 0.36279445583939335,
        "f1": 0.36279445583939335,
        "aligned_accuracy": 0.36279445583939335
    },
    "AllTags": {
        "correct": 0,
        "gold_total": 16089,
        "system_total": 16089,
        "aligned_total": 16089,
        "precision": 0.0,
        "recall": 0.0,
        "f1": 0.0,
        "aligned_accuracy": 0.0
    },
    "Lemmas": {
        "correct": 0,
        "gold_total": 16089,
        "system_total": 16089,
        "aligned_total": 16089,
        "precision": 0.0,
        "recall": 0.0,
        "f1": 0.0,
        "aligned_accuracy": 0.0
    },
    "UAS": {
        "correct": 13682,
        "gold_total": 16089,
        "system_total": 16089,
        "aligned_total": 16089,
        "precision": 0.8503946795947542,
        "recall": 0.8503946795947542,
        "f1": 0.8503946795947542,
        "aligned_accuracy": 0.8503946795947542
    },
    "LAS": {
        "correct": 2990,
        "gold_total": 16089,
        "system_total": 16089,
        "aligned_total": 16089,
        "precision": 0.18584125800236187,
        "recall": 0.18584125800236187,
        "f1": 0.18584125800236187,
        "aligned_accuracy": 0.18584125800236187
    },
    "CLAS": {
        "correct": 862,
        "gold_total": 9639,
        "system_total": 10061,
        "aligned_total": 9639,
        "precision": 0.08567736805486532,
        "recall": 0.08942836393816786,
        "f1": 0.08751269035532995,
        "aligned_accuracy": 0.08942836393816786
    },
    "MLAS": {
        "correct": 0,
        "gold_total": 9639,
        "system_total": 10061,
        "aligned_total": 9639,
        "precision": 0.0,
        "recall": 0.0,
        "f1": 0.0,
        "aligned_accuracy": 0.0
    },
    "BLEX": {
        "correct": 0,
        "gold_total": 9639,
        "system_total": 10061,
        "aligned_total": 9639,
        "precision": 0.0,
        "recall": 0.0,
        "f1": 0.0,
        "aligned_accuracy": 0.0
    }
}