{
    "Tokens": {
        "correct": 16089,
        "gold_total": 16089,
        "system_total": 16089,
        "aligned_total": null,
        "precision": 1.0,
        "recall": 1.0,
        "f1": 1.0,
        "aligned_accuracy": null
    },
    "Sentences": {
        "correct": 1115,
        "gold_total": 1115,
        "system_total": 1115,
        "aligned_total": null,
        "precision": 1.0,
        "recall": 1.0,
        "f1": 1.0,
        "aligned_accuracy": null
    },
    "Words": {
        "correct": 16089,
        "gold_total": 16089,
        "system_total": 16089,
        "aligned_total": null,
        "precision": 1.0,
        "recall": 1.0,
        "f1": 1.0,
        "aligned_accuracy": null
    },
    "UPOS": {
        "correct": 0,
        "gold_total": 16089,
        "system_total": 16089,
        "aligned_total": 16089,
        "precision": 0.0,
        "recall": 0.0,
        "f1": 0.0,
        "aligned_accuracy": 0.0
    },
    "XPOS": {
        "correct": 0,
        "gold_total": 16089,
        "system_total": 16089,
        "aligned_total": 16089,
        "precision": 0.0,
        "recall": 0.0,
        "f1": 0.0,
        "aligned_accuracy": 0.0
    },
    "UFeats": {
        "correct": 5837,
        "gold_total": 16089,
        "system_total": 16089,
        "aligned_total": 16089,
        "precision": 0.36279445583939335,
        "recall": 0.36279445583939335,
        "f1": 0.36279445583939335,
        "aligned_accuracy": 0.36279445583939335
    },
    "AllTags": {
        "correct": 0,
        "gold_total": 16089,
        "system_total": 16089,
        "aligned_total": 16089,
        "precision": 0.0,
        "recall": 0.0,
        "f1": 0.0,
        "aligned_accuracy": 0.0
    },
    "Lemmas": {
        "correct": 0,
        "gold_total": 16089,
        "system_total": 16089,
        "aligned_total": 16089,
        "precision": 0.0,
        "recall": 0.0,
        "f1": 0.0,
        "aligned_accuracy": 0.0
    },
    "UAS": {
        "correct": 13695,
        "gold_total": 16089,
        "system_total": 16089,
        "aligned_total": 16089,
        "precision": 0.8512026850643296,
        "recall": 0.8512026850643296,
        "f1": 0.8512026850643296,
        "aligned_accuracy": 0.8512026850643296
    },
    "LAS": {
        "correct": 2983,
        "gold_total": 16089,
        "system_total": 16089,
        "aligned_total": 16089,
        "precision": 0.1854061781341289,
        "recall": 0.1854061781341289,
        "f1": 0.1854061781341289,
        "aligned_accuracy": 0.1854061781341289
    },
    "CLAS": {
        "correct": 854,
        "gold_total": 9639,
        "system_total": 10045,
        "aligned_total": 9639,
        "precision": 0.08501742160278745,
        "recall": 0.08859840232389252,
        "f1": 0.08677098150782361,
        "aligned_accuracy": 0.08859840232389252
    },
    "MLAS": {
        "correct": 0,
        "gold_total": 9639,
        "system_total": 10045,
        "aligned_total": 9639,
        "precision": 0.0,
        "recall": 0.0,
        "f1": 0.0,
        "aligned_accuracy": 0.0
    },
    "BLEX": {
        "correct": 0,
        "gold_total": 9639,
        "system_total": 10045,
        "aligned_total": 9639,
        "precision": 0.0,
        "recall": 0.0,
        "f1": 0.0,
        "aligned_accuracy": 0.0
    }
}