{
    "Tokens": {
        "correct": 16089,
        "gold_total": 16089,
        "system_total": 16089,
        "aligned_total": null,
        "precision": 1.0,
        "recall": 1.0,
        "f1": 1.0,
        "aligned_accuracy": null
    },
    "Sentences": {
        "correct": 1115,
        "gold_total": 1115,
        "system_total": 1115,
        "aligned_total": null,
        "precision": 1.0,
        "recall": 1.0,
        "f1": 1.0,
        "aligned_accuracy": null
    },
    "Words": {
        "correct": 16089,
        "gold_total": 16089,
        "system_total": 16089,
        "aligned_total": null,
        "precision": 1.0,
        "recall": 1.0,
        "f1": 1.0,
        "aligned_accuracy": null
    },
    "UPOS": {
        "correct": 0,
        "gold_total": 16089,
        "system_total": 16089,
        "aligned_total": 16089,
        "precision": 0.0,
        "recall": 0.0,
        "f1": 0.0,
        "aligned_accuracy": 0.0
    },
    "XPOS": {
        "correct": 0,
        "gold_total": 16089,
        "system_total": 16089,
        "aligned_total": 16089,
        "precision": 0.0,
        "recall": 0.0,
        "f1": 0.0,
        "aligned_accuracy": 0.0
    },
    "UFeats": {
        "correct": 5837,
        "gold_total": 16089,
        "system_total": 16089,
        "aligned_total": 16089,
        "precision": 0.36279445583939335,
        "recall": 0.36279445583939335,
        "f1": 0.36279445583939335,
        "aligned_accuracy": 0.36279445583939335
    },
    "AllTags": {
        "correct": 0,
        "gold_total": 16089,
        "system_total": 16089,
        "aligned_total": 16089,
        "precision": 0.0,
        "recall": 0.0,
        "f1": 0.0,
        "aligned_accuracy": 0.0
    },
    "Lemmas": {
        "correct": 0,
        "gold_total": 16089,
        "system_total": 16089,
        "aligned_total": 16089,
        "precision": 0.0,
        "recall": 0.0,
        "f1": 0.0,
        "aligned_accuracy": 0.0
    },
    "UAS": {
        "correct": 13692,
        "gold_total": 16089,
        "system_total": 16089,
        "aligned_total": 16089,
        "precision": 0.8510162222636584,
        "recall": 0.8510162222636584,
        "f1": 0.8510162222636584,
        "aligned_accuracy": 0.8510162222636584
    },
    "LAS": {
        "correct": 2983,
        "gold_total": 16089,
        "system_total": 16089,
        "aligned_total": 16089,
        "precision": 0.1854061781341289,
        "recall": 0.1854061781341289,
        "f1": 0.1854061781341289,
        "aligned_accuracy": 0.1854061781341289
    },
    "CLAS": {
        "correct": 856,
        "gold_total": 9639,
        "system_total": 10042,
        "aligned_total": 9639,
        "precision": 0.08524198366859191,
        "recall": 0.08880589272746135,
        "f1": 0.08698744982470404,
        "aligned_accuracy": 0.08880589272746135
    },
    "MLAS": {
        "correct": 0,
        "gold_total": 9639,
        "system_total": 10042,
        "aligned_total": 9639,
        "precision": 0.0,
        "recall": 0.0,
        "f1": 0.0,
        "aligned_accuracy": 0.0
    },
    "BLEX": {
        "correct": 0,
        "gold_total": 9639,
        "system_total": 10042,
        "aligned_total": 9639,
        "precision": 0.0,
        "recall": 0.0,
        "f1": 0.0,
        "aligned_accuracy": 0.0
    }
}